{
	"info": {
		"_postman_id": "5d640787-582e-4ae1-a860-2d0c131cb05a",
		"name": "SOS_API",
		"schema": "https://schema.getpostman.com/json/collection/v2.1.0/collection.json",
		"_exporter_id": "29262725"
	},
	"item": [
		{
			"name": "User",
			"item": [
				{
					"name": "create student user",
					"request": {
						"method": "POST",
						"header": [],
						"body": {
							"mode": "raw",
							"raw": "{\r\n    \"mobile_number\": \"01826559512\",\r\n    \"name\":\"Dobirul Islam\", \r\n    \"password\":\"softmax\",\r\n    \"password2\":\"softmax\"\r\n}",
							"options": {
								"raw": {
									"language": "json"
								}
							}
						},
						"url": {
							"raw": "https://softmaxshop.com/user/register/",
							"protocol": "https",
							"host": [
								"softmaxshop",
								"com"
							],
							"path": [
								"user",
								"register",
								""
							]
						}
					},
					"response": []
				},
				{
					"name": "login user",
					"request": {
						"method": "POST",
						"header": [
							{
								"key": "Accept",
								"value": "application/json",
								"type": "text"
							},
							{
								"key": "Authorization",
								"value": "Bearer eyJhbGciOiJIUzI1NiIsInR5cCI6IkpXVCJ9.eyJ0b2tlbl90eXBlIjoiYWNjZXNzIiwiZXhwIjoxNzA3ODM4NTMzLCJpYXQiOjE3MDc4MzczMzMsImp0aSI6ImMyMTExZGE1ZGZhMDQ4NzA5ZDFmOTRiYzNlOTIyZmI5IiwidXNlcl9pZCI6MjB9.ye5jJFWCO2-ABEmtxQtjg98rGHAdfyu9xoBpcoV52yU",
								"type": "text"
							}
						],
						"body": {
							"mode": "raw",
							"raw": "{\r\n     \"mobile_number\":\"01826559512\",\r\n     \"password\":\"softmax\"\r\n}",
							"options": {
								"raw": {
									"language": "json"
								}
							}
						},
						"url": {
							"raw": "https://softmaxshop.com/user/login/",
							"protocol": "https",
							"host": [
								"softmaxshop",
								"com"
							],
							"path": [
								"user",
								"login",
								""
							]
						}
					},
					"response": []
				},
				{
					"name": "Admin Users",
					"request": {
						"method": "GET",
						"header": [],
						"url": {
							"raw": "https://softmaxshop.com/user/admins/",
							"protocol": "https",
							"host": [
								"softmaxshop",
								"com"
							],
							"path": [
								"user",
								"admins",
								""
							]
						}
					},
					"response": []
				},
				{
					"name": "Student Users",
					"request": {
						"method": "GET",
						"header": [],
						"url": {
							"raw": "https://softmaxshop.com/user/students/",
							"protocol": "https",
							"host": [
								"softmaxshop",
								"com"
							],
							"path": [
								"user",
								"students",
								""
							]
						}
					},
					"response": []
				},
				{
					"name": "Teacher Users",
					"request": {
						"method": "GET",
						"header": [],
						"url": {
							"raw": "https://softmaxshop.com/user/approved-teachers/",
							"protocol": "https",
							"host": [
								"softmaxshop",
								"com"
							],
							"path": [
								"user",
								"approved-teachers",
								""
							]
						}
					},
					"response": []
				}
			]
		},
		{
			"name": "Course",
			"item": [
				{
					"name": "Create Course",
					"request": {
						"method": "POST",
						"header": [
							{
								"key": "Accept",
								"value": "application/json",
								"type": "text"
							},
							{
								"key": "Authorization",
								"value": "Bearer eyJhbGciOiJIUzI1NiIsInR5cCI6IkpXVCJ9.eyJ0b2tlbl90eXBlIjoiYWNjZXNzIiwiZXhwIjoxNzA3NTM0NjgwLCJpYXQiOjE3MDc1MzM0ODAsImp0aSI6ImVjNmZkNDdlNmE3MzRhMjg5OGUzMTY2OWZjMWZhNGY4IiwidXNlcl9pZCI6MX0.pQQi-mBv3FUBs7jg1M5zTYVK68V-JdnXaOcC6pN1Fnk",
								"type": "text"
							}
						],
						"body": {
							"mode": "raw",
							"raw": "{\r\n   \"category\":1,\r\n   \"title\":\"Web Devlopment With Django\",\r\n   \"teacher\":[\"4\"]\r\n}",
							"options": {
								"raw": {
									"language": "json"
								}
							}
						},
						"url": {
							"raw": "https://softmaxshop.com/user/courses/",
							"protocol": "https",
							"host": [
								"softmaxshop",
								"com"
							],
							"path": [
								"user",
								"courses",
								""
							]
						}
					},
					"response": []
				},
				{
					"name": "Course list",
					"protocolProfileBehavior": {
						"disableBodyPruning": true
					},
					"request": {
						"method": "GET",
						"header": [
							{
								"key": "Accept",
								"value": "application/json",
								"type": "text"
							},
							{
								"key": "Authorization",
								"value": "Bearer  eyJhbGciOiJIUzI1NiIsInR5cCI6IkpXVCJ9.eyJ0b2tlbl90eXBlIjoiYWNjZXNzIiwiZXhwIjoxNzA3NTY5NTQ1LCJpYXQiOjE3MDc1NjgzNDUsImp0aSI6ImE4MmYzMTFkZjZhZDRmZDViZmNkMDdlMjRkNWZkZGQwIiwidXNlcl9pZCI6NH0.6FYkQaEVBDnvhzVvszPnMI3IB8DsVlMGN18B2mPe3w4",
								"type": "text"
							}
						],
						"body": {
							"mode": "raw",
							"raw": "",
							"options": {
								"raw": {
									"language": "json"
								}
							}
						},
						"url": {
							"raw": "https://softmaxshop.com/user/courses/",
							"protocol": "https",
							"host": [
								"softmaxshop",
								"com"
							],
							"path": [
								"user",
								"courses",
								""
							]
						}
					},
					"response": []
				},
				{
					"name": "Teachers Course list",
					"protocolProfileBehavior": {
						"disableBodyPruning": true
					},
					"request": {
						"method": "GET",
						"header": [
							{
								"key": "Accept",
								"value": "application/json",
								"type": "text"
							},
							{
								"key": "Authorization",
								"value": "Bearer eyJhbGciOiJIUzI1NiIsInR5cCI6IkpXVCJ9.eyJ0b2tlbl90eXBlIjoiYWNjZXNzIiwiZXhwIjoxNzA3NTY5NTQ1LCJpYXQiOjE3MDc1NjgzNDUsImp0aSI6ImE4MmYzMTFkZjZhZDRmZDViZmNkMDdlMjRkNWZkZGQwIiwidXNlcl9pZCI6NH0.6FYkQaEVBDnvhzVvszPnMI3IB8DsVlMGN18B2mPe3w4",
								"type": "text"
							}
						],
						"body": {
							"mode": "raw",
							"raw": "{\r\n   \"category\":1,\r\n   \"title\":\"Web Devlopment Course\",\r\n   \"teacher\":[\"4\"]\r\n}",
							"options": {
								"raw": {
									"language": "json"
								}
							}
						},
						"url": {
							"raw": "https://softmaxshop.com/user/teacher/4/courses/",
							"protocol": "https",
							"host": [
								"softmaxshop",
								"com"
							],
							"path": [
								"user",
								"teacher",
								"4",
								"courses",
								""
							]
						}
					},
					"response": []
				},
				{
					"name": "Students Course list",
					"protocolProfileBehavior": {
						"disableBodyPruning": true
					},
					"request": {
						"method": "GET",
						"header": [
							{
								"key": "Accept",
								"value": "application/json",
								"type": "text"
							},
							{
								"key": "Authorization",
								"value": "Bearer eyJhbGciOiJIUzI1NiIsInR5cCI6IkpXVCJ9.eyJ0b2tlbl90eXBlIjoiYWNjZXNzIiwiZXhwIjoxNzA3NTQ5NzQzLCJpYXQiOjE3MDc1NDg1NDMsImp0aSI6IjdkZDQ1ZWI3NmJjYjRjN2E5NWY5NzU0MjRiNTAxZjc2IiwidXNlcl9pZCI6MX0.5cBGHKcqke59duE_0GorAOxIrbbHh-Ekej7-9-mPvXc",
								"type": "text"
							}
						],
						"body": {
							"mode": "raw",
							"raw": "{\r\n   \"category\":1,\r\n   \"title\":\"Web Devlopment Course\",\r\n   \"teacher\":[\"5\"]\r\n}",
							"options": {
								"raw": {
									"language": "json"
								}
							}
						},
						"url": {
							"raw": "https://softmaxshop.com/user/student-courses/1/",
							"protocol": "https",
							"host": [
								"softmaxshop",
								"com"
							],
							"path": [
								"user",
								"student-courses",
								"1",
								""
							]
						}
					},
					"response": []
				}
			]
		},
		{
			"name": "Student",
			"item": [
				{
					"name": "Retrieve Student",
					"request": {
						"method": "GET",
						"header": [],
						"url": {
							"raw": "https://softmaxshop.com/user/student/17/",
							"protocol": "https",
							"host": [
								"softmaxshop",
								"com"
							],
							"path": [
								"user",
								"student",
								"17",
								""
							]
						}
					},
					"response": []
				}
			]
		},
		{
			"name": "Teacher",
			"item": [
				{
					"name": "Teacher Joining Request",
					"request": {
						"method": "POST",
						"header": [],
						"body": {
							"mode": "raw",
							"raw": "{\r\n    \"fullName\":\"TR3\",\r\n    \"email\":\"tr3@gmail.com\",\r\n    \"phone_number\":\"01518918828\"\r\n\r\n}",
							"options": {
								"raw": {
									"language": "json"
								}
							}
						},
						"url": {
							"raw": "https://softmaxshop.com/user/teachers/",
							"protocol": "https",
							"host": [
								"softmaxshop",
								"com"
							],
							"path": [
								"user",
								"teachers",
								""
							]
						}
					},
					"response": []
				},
				{
					"name": "List of Teacher Joining Request",
					"request": {
						"method": "GET",
						"header": [],
						"url": {
							"raw": "https://softmaxshop.com/user/teachers/",
							"protocol": "https",
							"host": [
								"softmaxshop",
								"com"
							],
							"path": [
								"user",
								"teachers",
								""
							]
						}
					},
					"response": []
				},
				{
					"name": "approve teacher",
					"request": {
						"method": "GET",
						"header": [],
						"url": {
							"raw": "https://softmaxshop.com/user/approve-teacher/1",
							"protocol": "https",
							"host": [
								"softmaxshop",
								"com"
							],
							"path": [
								"user",
								"approve-teacher",
								"1"
							]
						}
					},
					"response": []
				},
				{
					"name": "Single Teacher",
					"request": {
						"method": "GET",
						"header": [],
						"url": {
							"raw": "https://softmaxshop.com/user/teacher/14/",
							"protocol": "https",
							"host": [
								"softmaxshop",
								"com"
							],
							"path": [
								"user",
								"teacher",
								"14",
								""
							]
						}
					},
					"response": []
				}
			]
		},
		{
			"name": "Course Category",
			"item": [
				{
					"name": "create Category",
					"request": {
						"method": "POST",
						"header": [
							{
								"key": "Accept",
								"value": "application/json",
								"type": "text"
							},
							{
								"key": "Authorization",
								"value": "Bearer         eyJhbGciOiJIUzI1NiIsInR5cCI6IkpXVCJ9.eyJ0b2tlbl90eXBlIjoiYWNjZXNzIiwiZXhwIjoxNzA3NDYwNTEwLCJpYXQiOjE3MDc0NTkzMTAsImp0aSI6IjFiMTVkMWY0Njk4NjQ0MmU5MWFlZDY1NjNkYzc5ZDUzIiwidXNlcl9pZCI6MTV9.3aYUI3PEH4_uDMefFa0PVSTqAvVVcMphorkJGo3HR6c",
								"type": "text"
							}
						],
						"body": {
							"mode": "raw",
							"raw": "{\r\n    \"name\":\"Diploma_Academic_Course\",\r\n    \"description\":\"This is Diploma_Academic_Course\"\r\n}",
							"options": {
								"raw": {
									"language": "json"
								}
							}
						},
						"url": {
							"raw": "https://softmaxshop.com/user/categories/",
							"protocol": "https",
							"host": [
								"softmaxshop",
								"com"
							],
							"path": [
								"user",
								"categories",
								""
							]
						}
					},
					"response": []
				},
				{
					"name": "Retrieve Category",
					"protocolProfileBehavior": {
						"disableBodyPruning": true
					},
					"request": {
						"method": "GET",
						"header": [
							{
								"key": "Accept",
								"value": "application/json",
								"type": "text"
							},
							{
								"key": "Authorization",
								"value": "Bearer eyJhbGciOiJIUzI1NiIsInR5cCI6IkpXVCJ9.eyJ0b2tlbl90eXBlIjoiYWNjZXNzIiwiZXhwIjoxNzA3NTcxMjgyLCJpYXQiOjE3MDc1NzAwODIsImp0aSI6IjMyZDc1MDZhNTg3MTQxZDc5YjRlYzE3YWNiYzQwYTk4IiwidXNlcl9pZCI6NH0.aixKc7q1slYw1SQTEK8sP1tkV4aW0-UaY3TASvTKXqI",
								"type": "text"
							}
						],
						"body": {
							"mode": "raw",
							"raw": "",
							"options": {
								"raw": {
									"language": "json"
								}
							}
						},
						"url": {
							"raw": "https://softmaxshop.com/user/categories/",
							"protocol": "https",
							"host": [
								"softmaxshop",
								"com"
							],
							"path": [
								"user",
								"categories",
								""
							]
						}
					},
					"response": []
				},
				{
					"name": "Edit Category",
					"request": {
						"method": "PUT",
						"header": [
							{
								"key": "Accept",
								"value": "application/json",
								"type": "text"
							},
							{
								"key": "Authorization",
								"value": "Bearer eyJhbGciOiJIUzI1NiIsInR5cCI6IkpXVCJ9.eyJ0b2tlbl90eXBlIjoiYWNjZXNzIiwiZXhwIjoxNzA3NDYwODI1LCJpYXQiOjE3MDc0NTk2MjUsImp0aSI6ImRkNTU2ZDQ2Mjg0ZjRjMWZiMTA5OGRlMjNhZGUyNzRlIiwidXNlcl9pZCI6MTV9.T441MjsosOfHgz7p_DcdPftWeYohzQ7iVLjXwGibmZs",
								"type": "text"
							}
						],
						"body": {
							"mode": "raw",
							"raw": "{\r\n    \"id\": 1,\r\n    \"name\": \"Skill_Based_Development_Course\",\r\n    \"description\": \"This is Skill_Based_Development_Course\"\r\n}",
							"options": {
								"raw": {
									"language": "json"
								}
							}
						},
						"url": {
							"raw": "https://softmaxshop.com/user/categories/1/",
							"protocol": "https",
							"host": [
								"softmaxshop",
								"com"
							],
							"path": [
								"user",
								"categories",
								"1",
								""
							]
						}
					},
					"response": []
				},
				{
					"name": "Delete Category Copy",
					"request": {
						"method": "DELETE",
						"header": [
							{
								"key": "Accept",
								"value": "application/json",
								"type": "text"
							},
							{
								"key": "Authorization",
								"value": "Bearer eyJhbGciOiJIUzI1NiIsInR5cCI6IkpXVCJ9.eyJ0b2tlbl90eXBlIjoiYWNjZXNzIiwiZXhwIjoxNzA3NDYwODI1LCJpYXQiOjE3MDc0NTk2MjUsImp0aSI6ImRkNTU2ZDQ2Mjg0ZjRjMWZiMTA5OGRlMjNhZGUyNzRlIiwidXNlcl9pZCI6MTV9.T441MjsosOfHgz7p_DcdPftWeYohzQ7iVLjXwGibmZs",
								"type": "text"
							}
						],
						"body": {
							"mode": "raw",
							"raw": "",
							"options": {
								"raw": {
									"language": "json"
								}
							}
						},
						"url": {
							"raw": "https://softmaxshop.com/user/categories/3/",
							"protocol": "https",
							"host": [
								"softmaxshop",
								"com"
							],
							"path": [
								"user",
								"categories",
								"3",
								""
							]
						}
					},
					"response": []
				}
			]
		},
		{
			"name": "Enrollment",
			"item": [
				{
					"name": "enroll course",
					"request": {
						"method": "POST",
						"header": [
							{
								"key": "Accept",
								"value": "application/json",
								"type": "text"
							},
							{
								"key": "Authorization",
								"value": "Bearer eyJhbGciOiJIUzI1NiIsInR5cCI6IkpXVCJ9.eyJ0b2tlbl90eXBlIjoiYWNjZXNzIiwiZXhwIjoxNzA3NTQ4ODM4LCJpYXQiOjE3MDc1NDc2MzgsImp0aSI6Ijc1ODYxNWIyZWViMTRjYTk5OTQyNTZiNzZkODg5NDlkIiwidXNlcl9pZCI6MX0.2ZbQJPGaR9LKy-2qC0nR1aB2vvXjNh4tTYQAiNqvJyQ",
								"type": "text"
							}
						],
						"body": {
							"mode": "raw",
							"raw": "{\r\n    \"student\":\"1\",\r\n    \"course\":\"3\",\r\n    \"status\": \"enrolled\"\r\n\r\n}",
							"options": {
								"raw": {
									"language": "json"
								}
							}
						},
						"url": {
							"raw": "https://softmaxshop.com/user/enroll-course/",
							"protocol": "https",
							"host": [
								"softmaxshop",
								"com"
							],
							"path": [
								"user",
								"enroll-course",
								""
							]
						}
					},
					"response": []
				}
			]
		}
	]
}